<?xml version="1.0"?> <!-- Always version 1 -->
<map type="TDM"> <!-- Type either TDM, CTW, DTC or DTM -->
<name>[TDM] Desert Storm</name> <!-- Name of the Map -->
<version>1.0.0</version> <!-- Map Version -->
<objective>Destroy the enemy team</objective> <!-- Objective of the map -->

<settings>
	<killstreaks>true</killstreaks>
		<locktime>true</locktime>
		<lockweather>true</lockweather>
		<spawnmobs>false</spawnmobs>
		<spawnanimals>false</spawnanimals>
		<worldtime>12000</worldtime>
		<storming>false</storming>
	</settings>
	
<killstreaks>
		<streak amount="5" name="Powerful Diamond Sword">diamond sword</streak>
		<streak amount="10" name="Sexy Diamond Leggings">diamond leggings</streak>
</killstreaks>

<authors> <!-- People who created this map -->
    <author>JayNZ</author>
</authors>
    <rules>
        <rule>Don't spawn camp!</rule>
        <rule>Don't block glitch!</rule>
    </rules>
    <kits>
        <kit name="spawn">
            <item slot="3" amount="32">wood</item>
            <item slot="0">iron sword</item>
			<item slot="1">bow</item>
			<item slot="2">diamond pickaxe</item>
            <item slot="4" amount="64">cooked beef</item>
            <item slot="5" amount="5">golden apple</item>
            <item slot="28" amount="64">arrow</item>
            <potion duration="5" amplifier="10">heal</potion>
            <potion duration="10" amplifier="10">damage resistance</potion>
			<potion duration="5" amplifier="2">speed</potion>
        </kit>
        <kit name="red" parents="spawn">
            <chestplate damage="-3000">iron chestplate</chestplate>
            <helmet color="FF0000" damage="-3000">leather helmet</helmet>
            <leggings damage="-3000">iron leggings</leggings>
            <boots color="FF0000" damage="-3000">leather boots</boots>
        </kit>
        <kit name="blue" parents="spawn">
            <chestplate damage="-3000">iron chestplate</chestplate>
            <helmet color="0000FF" damage="-3000">leather helmet</helmet>
            <leggings damage="-3000">iron leggings</leggings>
            <boots color="0000FF" damage="-3000">leather boots</boots>
        </kit>
    </kits>
    <teams>
        <team color="red" max="50">Red</team>
        <team color="blue" max="50">Blue</team>
    </teams>
    <filters>
        <!-- Map protection -->
        <filter name="protection" parents="deny-world">
            <deny>
                <block>ice</block>
                <block>chest</block>
				<block>smooth brick</block>
				<block>44</block>
				<block>139</block>
				<block>79</block>
				<block>ladder</block>
				<block>fence</block>
				<block>gravel</block>
				<block>156</block>
				<block>155</block>
				<block>67</block>
            </deny>
        </filter>
    </filters>
<regions>
		<region name="blue-spawn">
			<area>
				<cuboid min="-156,26,-1031" max="-144,49,-1019" />
			</area>
		<rules>,
	<rule action="build" team="any" access="deny">You cannot build in the spawn</rule>
	<rule action="destroy" team="any" block="any" access="deny">You cannot destroy in the spawn</rule>
	<rule action="enter" team="red" access="deny">You cannot enter blue teams spawn</rule>
			</rules>
			<noexplosion />
		</region>
				<region name="red-spawn">
			<area>
				<cuboid min="-75,26,-1090" max="-87,48,-1102" />
			</area>
		<rules>
	<rule action="build" team="any" access="deny">You cannot build in the spawn</rule>
	<rule action="destroy" team="any" block="any" access="deny">You cannot destroy in the spawn</rule>
	<rule action="enter" team="blue" access="deny">You cannot enter red teams spawn</rule>
			</rules>
			<noexplosion />
		</region>
	
				<region name="spectator spawn">
			<area>
				<cuboid min="-128,55,-1070" max="-105,73,-1049" />
			</area>
			<rules>
	<rule action="enter" team="any" access="deny">You cannot enter the spectator spawn</rule>
			</rules>
		</region>

</regions>

    <spawns>
	

        <spawn team="blue" kit="blue" yaw="90">
            <cylinder base="-153,33,-1022" radius="0" height="1"/>
        </spawn>
        <spawn team="red" kit="red" yaw="0">
            <cylinder base="-78,33,-1099" radius="0" height="1"/>
        </spawn>
		    <default yaw="90"><cylinder base="-117,66,-1060" radius="1" height="0"/></default>

    </spawns>
    <score>
        <time>600</time>
    </score>
    <toolrepair>
        <tool>stone sword</tool>
        <tool>bow</tool>
    </toolrepair>
    <itemremove>
        <item>leather helmet</item>
        <item>leather chestplate</item>
        <item>iron leggings</item>
        <item>leather boots</item>
		<item>bow</item>
		<item>shears</item>
		<item>stone pickaxe</item>
        <item>arrow</item>
        <item>cooked beef</item>
        <item>glass bottle</item>
    </itemremove>
</map>