<?xml version="1.0"?>
    <map type="TDM"> <!-- Type either TDM, CTW, DTC or DTM -->
    <name>Arena [TDM]</name> <!-- Name of the Map -->
    <version>1.0.0</version> <!-- Map Version -->
    <objective>Destroy the enemy team</objective> <!-- Objective of the map -->
     
    <settings>
            <killstreaks>true</killstreaks>
                    <locktime>true</locktime>
                    <lockweather>true</lockweather>
                    <spawnmobs>false</spawnmobs>
                    <spawnanimals>false</spawnanimals>
                    <worldtime>12500</worldtime>
                    <storming>false</storming>
            </settings>
           
    <killstreaks>
                    <streak amount="5" name="King Louis XIV's Diamond Sword">diamond sword</streak>
                    <streak amount="10" name="Napoleon's Diamond Leggings">diamond leggings</streak>
    </killstreaks>
     
    <authors> <!-- People who created this map -->
        <author>Karler</author>
    </authors>
        <rules>
            <rule>Don't break the rules!</rule>
            <rule>Don't cheat!</rule>
        </rules>
        <kits>
            <kit name="spawn">
                <item slot="0">iron sword</item>
                            <item slot="1">bow</item>
                <item slot="3" amount="64">cooked beef</item>
                <item slot="4" amount="8">golden apple</item>
                <item slot="28" amount="64">arrow</item>
                <potion duration="5" amplifier="10">heal</potion>
                <potion duration="5" amplifier="10">damage resistance</potion>
                            <potion duration="5" amplifier="2">speed</potion>
            </kit>
            <kit name="gold" parents="spawn">
                <chestplate color="FF6600" damage="-3000">leather chestplate</chestplate>
                <helmet color="FF6600" damage="-3000">leather helmet</helmet>
                <leggings damage="-3000">iron leggings</leggings>
                <boots color="FF6600" damage="-3000">leather boots</boots>
            </kit>
            <kit name="darkpurple" parents="spawn">
                <chestplate color="660066" damage="-3000">leather chestplate</chestplate>
                <helmet color="660066" damage="-3000">leather helmet</helmet>
                <leggings damage="-3000">iron leggings</leggings>
                <boots color="660066" damage="-3000">leather boots</boots>
            </kit>
        </kits>
        <teams>
            <team color="gold" max="50">Gold</team>
            <team color="darkpurple" max="50">Purple</team>
        </teams>
        <filters>
            <!-- Map protection -->
            <filter name="protection" parents="deny-world">
                <deny>
                </deny>
            </filter>
        </filters>
    <regions>
                    <region name="gold-spawn">
                            <area>
                                    <cuboid min="973,77,-421" max="991,64,-436" />
                            </area>
                    <rules>,
            <rule action="build" team="any" access="deny">You cannot build in the spawn</rule>
            <rule action="destroy" team="any" block="any" access="deny">You cannot destroy in the spawn</rule>
            <rule action="enter" team="gold" access="deny">You cannot enter teams spawn</rule>
                            </rules>
                            <noexplosion />
                    </region>
                                    <region name="darkpurple-spawn">
                            <area>
                                    <cuboid min="864,77,-436" max="846,64,-421" />
                            </area>
                    <rules>
            <rule action="build" team="any" access="deny">You cannot build in the spawn</rule>
            <rule action="destroy" team="any" block="any" access="deny">You cannot destroy in the spawn</rule>
            <rule action="enter" team="darkpurple" access="deny">You cannot enter teams spawn</rule>
                            </rules>
                            <noexplosion />
                    </region>
                    
                                                        <region name="map">
                            <area>
                                    <cuboid min="-900000,-900000,-900000" max="900000,900000,900000" />
                            </area>
                    <rules>
            <rule action="build" team="any" access="deny">You cannot build</rule>
            <rule action="destroy" team="any" block="any" access="deny">You cannot destroy</rule>
                            </rules>
                            <noexplosion />
                    </region>
           
                                    <region name="spectator spawn">
                            <area>
                                    <cuboid min="913,130,-435" max="927,146,-420" />
                            </area>
                            <rules>
            <rule action="enter" team="any" access="deny">You cannot enter the spectator spawn</rule>
                            </rules>
                    </region>
     
    </regions>
     
        <spawns>
           
     
            <spawn team="gold" kit="gold" yaw="270">
                <cylinder base="852,73,-428" radius="0" height="1"/>
            </spawn>
            <spawn team="darkpurple" kit="darkpurple" yaw="90">
                <cylinder base="985,73,-429" radius="0" height="1"/>
            </spawn>
                        <default yaw="90"><cylinder base="919,135,-429" radius="1" height="0"/></default>
     
        </spawns>
        <score>
            <time>600</time>
        </score>
        <toolrepair>
            <tool>stone sword</tool>
            <tool>bow</tool>
        </toolrepair>
        <itemremove>
            <item>leather helmet</item>
            <item>leather chestplate</item>
            <item>iron leggings</item>
            <item>leather boots</item>
                    <item>bow</item>
                    <item>shears</item>
                    <item>stone pickaxe</item>
            <item>arrow</item>
            <item>cooked beef</item>
            <item>glass bottle</item>
        </itemremove>
    </map>

