<?xml version="1.0"?>
<tutorial>
    <stage title="Capture the Wool">
        <message>
            <line>§6--------------------------------------------------</line>
            <line>§cThis map is a §bCapture the Wool §c(CTW) map</line>
            <line>§aThe objective is to grab the wool on the other team's side and return it to your base.</line>
            <line>§6--------------------------------------------------</line>
        </message>
        <teleport yaw="90" pitch="10" point="-6,41,-9"/>
    </stage>
    
    <stage title="Spawn">
        <message>
            <line>§6--------------------------------------------------</line>
            <line>§aThis is the team §bspawn.</line>
            <line>§aHere is where you will spawn when you join the game.</line>
            <line>§6--------------------------------------------------</line>
        </message>
        
        <teleport yaw="179" pitch="10" point="-51,28,76"/>
    </stage>
    
    <stage title="Wool Room">
        <message>
            <line>§6--------------------------------------------------</line>
            <line>§aThese are the §bwool rooms.</line>
            <line>§aInside is the wool you must grab it and return to your base.</line>
            <line>§6--------------------------------------------------</line>

        </message>
        <teleport yaw="48" pitch="-10" point="-10,28,121"/>
    </stage>
    
    <stage title="Monument">
        <message>
            <line>§6--------------------------------------------------</line>
            <line>§aThis is the §bwool monument.</line>
            <line>§aYou must grab the correct wool and place it in here.</line>
            <line>§6--------------------------------------------------</line>

        </message>
        <teleport yaw="20" pitch="-10" point="-36,28,60"/>
    </stage>
    
            <stage title="Have fun">
        <message>
            <line>§6--------------------------------------------------</line>
            <line>§aThats all you need to know to start playing.</line>
            <line>§aSo off you go! §bCapture that wool!</line>
            <line>§6--------------------------------------------------</line>
        </message>
        <teleport yaw="109" pitch="40" point="-13,60,37"/>
    </stage>

</tutorial>