{"stat.useItem.139":403,"stat.useItem.3":1859,"stat.useItem.351":68,"achievement.exploreAllBiomes":{"value":0,"progress":["Plains"]},"stat.useItem.324":11,"stat.useItem.24":303,"stat.useItem.126":72,"stat.useItem.72":8,"stat.useItem.89":8,"stat.useItem.46":3,"achievement.openInventory":396,"stat.damageDealt":745,"stat.useItem.19":329,"stat.useItem.96":77,"stat.useItem.50":12,"stat.useItem.259":4,"stat.useItem.323":16,"stat.useItem.5":108,"stat.flyOneCm":9814008,"stat.useItem.95":27,"stat.useItem.133":6,"stat.damageTaken":-2147482089,"stat.useItem.4":41,"stat.useItem.321":48,"stat.useItem.152":35,"stat.killEntity.EntityHorse":1,"stat.climbOneCm":411,"stat.useItem.45":16,"stat.useItem.156":974,"stat.useItem.87":5,"stat.killEntity.Chicken":2,"stat.drop":11,"stat.useItem.18":41,"stat.useItem.155":1361,"stat.diveOneCm":31572,"stat.useItem.54":2,"stat.useItem.159":1062,"stat.useItem.41":43,"stat.useItem.106":36,"stat.useItem.109":784,"stat.useItem.61":13,"stat.useItem.134":19,"stat.useItem.85":59,"stat.playOneMinute":970297,"stat.useItem.123":38,"stat.killEntity.Pig":1,"stat.useItem.108":351,"stat.deaths":2,"stat.swimOneCm":60550,"stat.mobKills":4,"stat.useItem.42":322,"stat.useItem.389":12,"stat.useItem.171":9,"stat.useItem.390":3,"stat.useItem.397":14,"stat.useItem.98":2318,"stat.walkOneCm":676982,"stat.useItem.77":2,"stat.useItem.145":6,"stat.useItem.35":205,"stat.useItem.276":8,"stat.useItem.44":2029,"stat.jump":1520,"stat.useItem.1":210,"stat.useItem.20":269,"stat.useItem.12":60,"stat.useItem.102":60,"stat.useItem.101":131,"stat.useItem.128":34}