<?xml version="1.0"?>
<!-- Always version 1 -->
<map type="DTC">
    <!-- Type either TDM, CTW, DTC, DTM or FFA-->
    <name>[DTC] Temple Core</name>
    <!-- Name of the Map -->
    <version>1.0.0</version>
    <!-- Map Version -->
    <objective>Destroy the enemy team's core in the center of their Temple </objective>
   <!-- Objective of the map -->
   <authors>
       <!-- People who created this map -->
       <author>Joshuasgmcairns</author>
       <author>Strahan123</author>
       <author>Blockboy200600</author>
       <author>Cowabunga78</author>
   </authors>
   <settings>
       <!-- Settings which handle game elements -->
       <locktime>true</locktime>
       <lockweather>true</lockweather>
       <spawnmobs>false</spawnmobs>
       <spawnanimals>false</spawnanimals>
       <worldtime>1200</worldtime>
       <storming>false</storming>
   </settings>
   <score>
       <time>3000</time>
   </score>
   <teams>
       <!-- Different team colors -->
       <team color="red" max="50">Red Team</team>
       <team color="gold" max="50">Gold Team</team>
   </teams>
   <kits>
       <kit name="spawn">
           <!-- What team gets when spawn -->
           <item slot="0">iron sword</item>
           <item slot="1">bow</item>
           <item slot="19" amount="64">arrow</item>
           <item slot="28" amount="64">arrow</item>
           <item slot="2">diamond pickaxe</item>
           <item slot="3" amount="64">log</item>
           <item slot="4" amount="64">glass</item>
           <item slot="5" amount="5">golden apple</item>
           <item slot="8" amount="16">cooked chicken</item>
       </kit>
   </kits>
   <spawns>
       <spawn team="red" kit="spawn" yaw="0">
           <cylinder base="-15,24,86" radius="1" height="0" />
       </spawn>
       <spawn team="gold" kit="spawn" yaw="0">
           <cylinder base="-97,24,-75" radius="1" height="0" />
       </spawn>
       <default yaw="270">
           <cylinder base="-65,56,7" radius="1" height="0" />
       </default>
   </spawns>
   <cores material="obsidian" leak="2">
       <core team="gold" name="Gold Core">
           <cuboid min="-49,32,-42" max="-43,37,-48" />
       </core>
       <core team="red" name="Red Core">
           <cuboid min="-62,32,52" max="-68,37,59" />
       </core>
   </cores>
   <regions>
       <region name="gold-spawn">
           <area>
               <cuboid min="-101,1,-80" max="-75,35,-54" />
           </area>
           <rules>
               <rule action="build" team="any" access="deny">You cannot build in the spawn</rule>
               <rule action="destroy" team="any" block="any" access="deny">You cannot destroy in the spawn</rule>
               <rule action="enter" team="red" access="deny">You cannot enter gold teams spawn</rule>
           </rules>
           <noexplosion />
       </region>
       <region name="red-spawn">
           <area>
               <cuboid min="-9,1,91" max="-36,35,65" />
           </area>
           <rules>
               <rule action="build" team="any" access="deny">You cannot build in the spawn</rule>
               <rule action="destroy" team="any" block="any" access="deny">You cannot destroy in the spawn</rule>
               <rule action="enter" team="gold" access="deny">You cannot enter red teams spawn</rule>
           </rules>
           <noexplosion />
       </region>
       <region name="gold-core">
           <area>
               <cuboid min="-106,32,104" max="-28,54,25" />
           </area>
           <rules>
               <rule action="destroy" team="red" block="obsidian" access="deny">You cannot break your own core</rule>
           </rules>
       </region>
       <region name="red-core">
           <area>
               <cuboid min="1,67,43" max="73,25,-68" />
           </area>
           <rules>
               <rule action="destroy" team="gold" block="obsidian" access="deny">You cannot break your own core</rule>
           </rules>
       </region>
       <region name="map">
           <area>
               <cuboid min="16,-90000,115" max="-137,96,-123" />
           </area>
           <rules>
               <rule action="leave" team="any" access="deny">You cannot leave the map region</rule>
           </rules>
       </region>
   </regions>
</map>