<?xml version="1.0"?>
<map type="TDM">
	<name>Biome Mania [TDM]</name>
	<version>1.0</version>
	<objective>Kill the opponent teams</objective>
	<settings>
		<locktime>true</locktime>
		<lockweather>true</lockweather>
		<spawnmobs>false</spawnmobs>
		<spawnanimals>false</spawnanimals>
		<worldtime>8000</worldtime>
		<storming>false</storming>
	</settings>
	<authors>
		<author>XxXbraydogXxX</author>
		<author>SeanMe</author>
	</authors>
	
    <includes>
        <include src="tutorial.xml"/>
    </includes>

	<kits>
		<kit name="spawn">
			<item slot="0">iron sword</item>
			<item slot="1">bow</item>
			<item slot="7" amount="4">golden apple</item>
			<item slot="8" amount="1">cookie</item>
			<item slot="28" amount="64">arrow</item>
			<helmet damage="0">gold helmet</helmet>
			<chestplate damage="0">iron chestplate</chestplate> 
			<leggings damage="0">chainmail leggings</leggings>
			<boots damage="0">diamond boots</boots>
		</kit>
	</kits>
	<teams>
		<team color="blue" max="30">Frosties</team>
		<team color="yellow" max="30">TinkerBells</team>
		<team color="red" max="30">Shroomonians</team>
		<team color="darkgreen" max="30">Tree Huggers</team>
		<team color="darkaqua" max="30">Derps</team>
		<team color="gold" max="30">Old Folks</team>
		<team color="lightpurple" max="30">Hippies</team>
		<team color="darkgray" max="30">Mountaineers</team>
	</teams>
	<regions>
		<region name="map">
			<area>
				<cuboid min="-9108,-1000,-13902" max="9008,70,-127" />
			</area>
			<rules>
				<rule action="leave" team="any" access="deny">You cannot leave the map</rule>
				<rule action="destroy" team="any" access="deny"></rule>
				<rule action="build" team="any" access="deny"></rule>
			</rules>
			<noexplosion/>
		</region>
	</regions>
	<spawns>
		<spawn team="blue" kit="spawn" yaw="-45"> <cylinder base="-93,29,-1332" radius="1" height="1" /> </spawn>
		<spawn team="yellow" kit="spawn" yaw="90"> <cylinder base="-64,12,-1291" radius="1" height="1" /> </spawn>
		<spawn team="red" kit="spawn" yaw="135"> <cylinder base="-18,30,-1288" radius="1" height="1" /> </spawn>
		<spawn team="darkgreen" kit="spawn" yaw="90"> <cylinder base="-11,32,-1318" radius="1" height="1" /> </spawn>
		<spawn team="darkaqua" kit="spawn" yaw="45"> <cylinder base="-7,28,-1368" radius="1" height="1" /> </spawn>
		<spawn team="gold" kit="spawn" yaw="90"> <cylinder base="-11,30,-1386" radius="1" height="1" /> </spawn>
		<spawn team="lightpurple" kit="spawn" yaw="-45"> <cylinder base="-75,31.5,-1377" radius="1" height="1" /> </spawn>
		<spawn team="darkgray" kit="spawn" yaw="-20"> <cylinder base="-98,25,-1359" radius="1" height="1" /> </spawn>
		<default yaw="0"> <cylinder base="-53,53,-1337" radius="1" height="1" /> </default>
	</spawns>
	<score>
		<time>600</time>
	</score>
</map>