<?xml version="1.0"?>
<tutorial>
    <stage title="TDM">
        <message>
            <line>§6--------------------------------------------------</line>
            <line>§cThis map is a §bTeam Death Match §c(TDM) map</line>
            <line>§aThe objective is to kill the other team to gain points.</line>
            <line>§6--------------------------------------------------</line>
        </message>
        <teleport yaw="-135" pitch="0" point="-69,28,-1318"/>
    </stage>
    
    <stage title="Spawn">
        <message>
            <line>§6--------------------------------------------------</line>
            <line>§aThis map has a range of §bteams.</line>
            <line>§aYou will spawn in one of the pre-set team spawns.</line>
            <line>§6--------------------------------------------------</line>
        </message>
        
        <teleport yaw="-41" pitch="90" point="-52,46,-1335"/>
    </stage>
  
    
            <stage title="Have fun">
        <message>
            <line>§6--------------------------------------------------</line>
            <line>§aThats all you need to know to start playing.</line>
            <line>§aSo off you go! §bKILL THEM ALL!</line>
            <line>§6--------------------------------------------------</line>
        </message>
        <teleport yaw="16" pitch="40" point="-68,33,-1323"/>
    </stage>

</tutorial>