<?xml version="1.0"?>
<map type="CTP">
	<name>Ravine Wars [CTP]</name>
	<version>1.0</version>
	<objective>Capture the enemy teams points.</objective>
	<settings>
		<locktime>true</locktime>
		<lockweather>true</lockweather>
		<storming>false</storming>
		<spawnmobs>false</spawnmobs>
		<spawnanimals>false</spawnanimals>
		<worldtime>14000</worldtime>
	</settings>
	<authors>
		<author>KittyKartel</author>
	</authors>
	    <includes>
        <include src="tutorial.xml"/>
    </includes>
	<contributors>
		<contributor contribution="XML">SeanMe</contributor>
	</contributors>
	<score>
		<time>1800</time>
	</score>
	<teams>
		<team color="darkpurple" max="75">Magenta</team>
		<team color="darkaqua" max="75">Cyan</team>
	</teams>
	<kits>
		<kit name="spawn">
			<item slot="0">iron sword</item>
			<item slot="1">bow</item>
			<item slot="2">diamond pickaxe</item>
			<item slot="3" amount="64">log</item>
			<item slot="7" amount="16">cooked beef</item>
			<item slot="8" amount="4">golden apple</item>
			<item slot="10" amount="64">arrow</item>
			<item slot="11" amount="64">arrow</item>
			<item slot="12" amount="64">arrow</item>

		</kit>
		<kit name="magenta" parents="spawn"> 
			<chestplate color="AA00AA" damage="-3000" enchantment="unbreaking:3;protection:1">leather chestplate</chestplate>
			<helmet>iron helmet</helmet>	
			<leggings>iron leggings</leggings>
			<boots color="AA00AA" damage="-3000" enchantment="unbreaking:3;protection:2">leather boots</boots>
		</kit>
		<kit name="cyan" parents="spawn"> 
			<chestplate color="00AAAA" damage="-3000" enchantment="unbreaking:3;protection:1">leather chestplate</chestplate>
			<helmet>iron helmet</helmet>	
			<leggings>iron leggings</leggings>
			<boots color="00AAAA" damage="-3000" enchantment="unbreaking:3;protection:2">leather boots</boots>
		</kit>
	</kits>
	<spawns>
		<spawn team="darkpurple" kit="magenta" yaw="-40">
			<cylinder base="-209,56,-399" radius="1" height="3" /> 
		</spawn>
		<spawn team="darkaqua" kit="cyan" yaw="140">
			<cylinder base="-165,56,-312" radius="1" height="3" /> 
		</spawn>
		<default yaw="0"> 
			<cylinder base="-187,112,-356" radius="1" height="3" /> 
		</default>
	</spawns>
	<regions>
		<region name="spectators">    
			<area>                 
				<cuboid min="-193,110,-362" max="-181,121,-350" />
			</area>
			<rules>
				<rule action="build" team="any" access="deny"></rule>
				<rule action="destroy" team="any" access="deny"></rule>
				<rule action="enter" team="any" access="deny">You can't enter the spectator spawn!</rule>
			</rules>
		</region>
		<region name="map">    
			<area>                 
				<cuboid min="-224,19,-419" max="-150,116,-292" />
			</area>
			<rules>
				<rule action="destroy" team="any" block="redstone ore" access="allow"></rule>
				<rule action="destroy" team="any" block="emerald ore" access="allow"></rule>
				<rule action="destroy" team="any" block="lapis ore" access="allow"></rule>
				<rule action="destroy" team="any" access="deny"></rule>
				<rule action="build" team="any" access="deny"></rule>
				<rule action="leave" team="any" access="deny">Where do you think you are going? Get back in the game!</rule>
			</rules>
		</region>
		<region name="magenta-spawn">    
			<area>                 
				<cuboid min="-213,56,-406" max="-185,58,-372" />
			</area>
			<rules>
				<rule action="destroy" team="darkpurple" block="gold block" access="allow"></rule>
				<rule action="destroy" team="darkpurple" block="diamond block" access="allow"></rule>
				<rule action="enter" team="darkaqua" access="deny">You are not allowed in here, Turn around and go back!</rule>
			</rules>
		</region>
		<region name="cyan-spawn">    
			<area>                 
				<cuboid min="-189,55,-339" max="-161,61,-305" />      
			</area>
			<rules>
				<rule action="destroy" team="darkpurple" block="gold block" access="allow"></rule>
				<rule action="destroy" team="darkaqua" block="diamond block" access="allow"></rule>
				<rule action="enter" team="darkpurple" access="deny">You are not allowed in here, Turn around and go back!</rule>
			</rules>
		</region>
	</regions>

	<points>
		<point owner="darkpurple" min="-195,36,-370" max="-193,38,-368">Magenta's Bottom Point</point>
		<point owner="darkpurple" min="-174,55,-373" max="-172,56,-371">Magenta's Top Point</point>
		<point owner="darkaqua" min="-181,36,-343" max="-179,38,-341">Cyan's Bottom Point</point>
		<point owner="darkaqua" min="-202,54,-340" max="-200,56,-338">Cyan's Top Point</point>
	</points>
</map>