<?xml version="1.0"?>
<tutorial>
	<stage title="Capture the point">
		<message>
			<line>§6--------------------------------------------------</line>
			<line>§cThis map is a §bCapture The Point §c(CTP) map</line>
			<line>§aStand on the enemy points to capture them and win.</line>
			<line>§6--------------------------------------------------</line>
		</message>
		<teleport yaw="98" pitch="0" point="-171,54,-353"/>
	</stage>
	<stage title="Spawn">
		<message>
			<line>§6--------------------------------------------------</line>
			<line>§aThis is the team §bspawn.</line>
			<line>§aHere is where you will spawn when you join the game.</line>
			<line>§6--------------------------------------------------</line>
		</message>
		<teleport yaw="-35" pitch="0" point="-167,57,-315"/>
	</stage>
	<stage title="Objective">
		<message>
			<line>§6--------------------------------------------------</line>
			<line>§aThis is a §bPoint.</line>
			<line>§aYou must stand on the enemy teams to capture it.</line>
			<line>§6--------------------------------------------------</line>
		</message>
		<teleport yaw="39" pitch="20" point="-198,56,-342"/>
	</stage>
	<stage title="Map">
		<message>
			<line>§6--------------------------------------------------</line>
			<line>§aThis is the §bmap you will play on.</line>
			<line>§aGood luck and have fun.</line>
			<line>§6--------------------------------------------------</line>
		</message>
		<teleport yaw="-88" pitch="40" point="-200,74,-357"/>
	</stage>
</tutorial>



