<?xml version="1.0"?>
<map type="DTM">
	<name>Orb Wars [DTM]</name>
	<version>1.0</version>
	<objective>Destroy the opponent teams monument.</objective>
	<settings>
		<locktime>true</locktime>
		<lockweather>true</lockweather>
		<storming>false</storming>
		<spawnmobs>false</spawnmobs>
		<spawnanimals>false</spawnanimals>
		<worldtime>23000</worldtime>
	</settings>
	<authors>
		<author>Water_Orb</author>
	</authors>
	<contributors>
		<contributor contribution="XML">SeanMe</contributor>
	</contributors>
	<score>
		<time>1800</time>
	</score>
	<teams>	
		<team color="red" max="75">Red Team</team>
		<team color="blue" max="75">Blue Team</team>
	</teams>
	<kits>
		<kit name="spawn">
			<item slot="0">iron sword</item>
			<item slot="1">bow</item>
			<item slot="2">diamond pickaxe</item>
			<item slot="5" amount="64">wood</item>
			<item slot="7" amount="5">golden apple</item>
			<item slot="8" amount="32">cooked beef</item>
			<item slot="10" amount="64">arrow</item>
			<item slot="19" amount="64">arrow</item>
		</kit>
		<kit name="red-kit" parents="spawn"> 
			<chestplate>chainmail chestplate</chestplate>
			<helmet color="AA0000" damage="-3000">leather helmet</helmet>	
			<leggings>chainmail leggings</leggings>
			<boots color="AA0000" damage="-3000">leather boots</boots>
		</kit>		
		<kit name="blue-kit" parents="spawn"> 
			<chestplate>chainmail chestplate</chestplate>
			<helmet color="0000AA" damage="-3000">leather helmet</helmet>	
			<leggings>chainmail leggings</leggings>
			<boots color="0000AA" damage="-3000">leather boots</boots>
		</kit>
	</kits>
	<spawns>
		<spawn team="red" kit="red-kit" yaw="0">
			<cylinder base="-4,48,-154" radius="1" height="3" /> 
		</spawn>
		<spawn team="blue" kit="blue-kit" yaw="180">
			<cylinder base="-5,48,122" radius="1" height="3" /> 
		</spawn>
		<default yaw="180"> 
			<cylinder base="-5,100,-19" radius="1" height="3" /> 
		</default>
		<default yaw="0"> 
			<cylinder base="-5,100,-13" radius="1" height="3" /> 
		</default>
	</spawns>
	<regions>
		<region name="map">
			<area>
				<cuboid min="-44,-1000,-167" max="34,70,134"/>
			</area>
			<rules>
				<rule action="leave" team="any" access="deny">You can't leave the map.</rule>
			</rules>
		</region>
		<region name="spectator">
			<area>
				<cuboid min="-13,97,-24" max="5,116,-6"/>
			</area>
			<rules>
				<rule action="enter" team="any" access="deny">You can't enter the spectator spawn.</rule>
				<rule action="build" team="any" access="deny">You can't edit the spectator spawn.</rule>
				<rule action="destroy" team="any" access="deny">You can't edit the spectator spawn.</rule>
			</rules>
		</region>
		<region name="red-spawn">
			<area>
				<cuboid min="-25,45,-161" max="17,60,-147"/>
			</area>
			<rules>
				<rule action="enter" team="blue" access="deny">You can't enter the red spawn.</rule>
				<rule action="build" team="any" access="deny">You can't edit the spawn.</rule>
				<rule action="destroy" team="any" access="deny">You can't edit the spawn.</rule>
			</rules>
		</region>
		<region name="red-crafting">
			<area>
				<cuboid min="-6,34,-127" max="-2,35,-127"/>
			</area>
			<rules>
				<rule action="build" team="any" access="deny">Don't cover these.</rule>
				<rule action="destroy" team="any" access="deny">Leave these here.</rule>
			</rules>
		</region>
		<region name="blue-spawn">
			<area>
				<cuboid min="-27,47,116" max="15,60,129"/>
			</area>
			<rules>
				<rule action="enter" team="red" access="deny">You can't enter the red spawn.</rule>
				<rule action="build" team="any" access="deny">You can't edit the spawn.</rule>
				<rule action="destroy" team="any" access="deny">You can't edit the spawn.</rule>
			</rules>
		</region>
		<region name="blue-crafting">
			<area>
				<cuboid min="-7,24,95" max="-3,35,95"/>
			</area>
			<rules>
				<rule action="build" team="any" access="deny">Don't cover these.</rule>
				<rule action="destroy" team="any" access="deny">Leave these here.</rule>
			</rules>
		</region>
	</regions>
	<destroyables>
		<destroyable name="Red Monument" owner="red" material="obsidian">
			<cuboid min="-5,60,-90" max="-3,62,-88"/>
		</destroyable>
		<destroyable name="Blue Monument" owner="blue" material="obsidian">
			<cuboid min="-6,60,56" max="-4,62,58"/>
		</destroyable>
	</destroyables>
</map>