<?xml version="1.0"?> <!-- Always version 1 -->
<map type="DTC"> <!-- Type either TDM, CTW, DTC or DTM -->
<name>[DTC] Sands Of Egypt</name> <!-- Name of the Map -->
<version>1.0.0</version> <!-- Map Version -->
<objective>Destroy the enemy team's core in the center of their spawn </objective> <!-- Objective of the map -->

<authors> <!-- People who created this map -->
    <author>911chandler</author>
    <author>Nadastorm</author>
</authors>

    <includes>
        <include src="tutorial.xml"/>
    </includes>

<settings> <!-- Settings which handle game elements -->
	<locktime>true</locktime>
	<lockweather>true</lockweather>
	<spawnmobs>false</spawnmobs>
	<spawnanimals>false</spawnanimals>
	<worldtime>1200</worldtime>
	<storming>false</storming>
</settings>

	
		<score>
		<time>2700</time>
	</score>

<teams> <!-- Different team colors -->
    <team color="blue" max="50">Blue Team</team>
    <team color="red" max="50">Red Team</team>
</teams>

<kits>
    <kit name="spawn"> <!-- What team gets when spawn -->
        <item slot="0">iron sword</item>
        <item slot="1">bow</item>
        <item slot="19" amount="64">arrow</item>
        <item slot="28" amount="64">arrow</item>
        <item slot="2">iron pickaxe</item>
        <item slot="3" amount="64">log</item>
        <item slot="4" amount="64">glass</item>
        <item slot="5" amount="4">golden apple</item>
		<item slot="8" amount="32">cooked chicken</item>
    </kit>
</kits>

<spawns>
        <spawn team="red" kit="spawn" yaw="0"><cylinder base="-23,48,13" radius="1" height="0"/></spawn>
        <spawn team="blue" kit="spawn" yaw="0"><cylinder base="31,48,163" radius="1" height="0"/></spawn>
    <default yaw="270"><cylinder base="-49,66,86" radius="1" height="0"/></default>
</spawns>

<maxbuildheight>76</maxbuildheight> <!--TODO: Check This -->

<cores material="obsidian" leak="2">
    <core team="blue" name="Blue Core"><cuboid min="3,55,129" max="10,67,135"/></core>
    <core team="red" name="Red Core"><cuboid min="-3,56,43" max="1,67,48"/></core>
</cores>

<regions>
		<region name="blue-spawn">
			<area>
				<cuboid min="19,42,167" max="37,54,150" />
			</area>
		<rules>
	<rule action="build" team="any" access="deny">You cannot build in the spawn</rule>
	<rule action="destroy" team="any" block="any" access="deny">You cannot destroy in the spawn</rule>
	<rule action="enter" team="red" access="deny">You cannot enter blue teams spawn</rule>
			</rules>
			<noexplosion />
		</region>
		<region name="red-spawn">
			<area>
				<cuboid min="-12,42,9" max="-28,54,25" />
			</area>
			<rules>
	<rule action="build" team="any" access="deny">You cannot build in the spawn</rule>
	<rule action="destroy" team="any" block="any" access="deny">You cannot destroy in the spawn</rule>
	<rule action="enter" team="blue" access="deny">You cannot enter red teams spawn</rule>
			</rules>
			<noexplosion />
		</region>

		<region name="blue-core">
			<area>
				<cuboid min="10,67,129" max="3,55,135" />
			</area>
			<rules>
	<rule action="destroy" team="blue" block="obsidian" access="deny">You cannot break your own core</rule>
			</rules>
		</region>

		<region name="red-core">
			<area>
				<cuboid min="1,67,43" max="-3,56,48" />
			</area>
			<rules>
	<rule action="destroy" team="red" block="obsidian" access="deny">You cannot break your own core</rule>
			</rules>
		</region>
		
					<region name="map">
			<area>
				<cuboid min="-36,-90000,-3" max="48,130,175" />
			</area>
			<rules>
	<rule action="leave" team="any" access="deny">You cannot leave the map region</rule>
			</rules>
		</region>
		
	</regions>

</map>
