<?xml version="1.0"?>
<tutorial>
	<stage title="Destroy The Core">
		<message>
			<line>§6--------------------------------------------------</line>
			<line>§cThis map is a §bDestroy The Core §c(DTC) map</line>
			<line>§aDestroy the enemy teams core before they destory yours.</line>
			<line>§6--------------------------------------------------</line>
		</message>
		<teleport yaw="90" pitch="0" point="44,46,87"/>
	</stage>
	<stage title="Spawn">
		<message>
			<line>§6--------------------------------------------------</line>
			<line>§aThis is the team §bspawn.</line>
			<line>§aHere is where you will spawn when you join the game.</line>
			<line>§6--------------------------------------------------</line>
		</message>
		<teleport yaw="145" pitch="0" point="-14,46,29"/>
	</stage>
	<stage title="Map">
		<message>
			<line>§6--------------------------------------------------</line>
			<line>§aThis is a §bCore.</line>
			<line>§aIt must be broken with a diamond pickaxe and lava leak out.</line>
			<line>§6--------------------------------------------------</line>
		</message>
		<teleport yaw="-45" pitch="0" point="-10,59,35"/>
	</stage>
	<stage title="Objective">
		<message>
			<line>§6--------------------------------------------------</line>
			<line>§aThis is the §bmap you will play on.</line>
			<line>§aGood luck and have fun.</line>
			<line>§6--------------------------------------------------</line>
		</message>
		<teleport yaw="0" pitch="90" point="4,88,84"/>
	</stage>
</tutorial>



