<?xml version="1.0"?>
<map type="TDM">
	<name>Quad Ruins [TDM]</name>
	<version>1.0.0</version>
	<objective>Be the team with most kills after 7 minutes.</objective>
	<authors>
		<author>Vertoner</author>
	</authors>
	<settings>
		<locktime>true</locktime>
		<lockweather>true</lockweather>
		<spawnmobs>false</spawnmobs>
		<spawnanimals>false</spawnanimals>
		<worldtime>0</worldtime>
		<storming>false</storming>
	</settings>
	<teams>
		<team color="yellow" max="50">Gold Team</team>
		<team color="red" max="50">Ruby Team</team>
		<team color="blue" max="50">Sapphire Team</team>
		<team color="green" max="50">Emerald Team</team>
	</teams>
	<regions>
		<region name="map">
			<area> 
				<cuboid min="-109,-1000,-36" max="81,70,154"/> 
			</area>
			<rules>
				<rule action="leave" team="any" access="deny">You cannot leave the map.</rule>
				<rule action="build" team= "any" access="deny">You cannot build in the map.</rule>
				<rule action="destroy" team= "any" access="deny">You cannot destroy the map.</rule>
			</rules>
			<noexplosion/>
		</region>
		<region name="spectator-spawn">
			<area> 
				<cuboid min="-16,37,53" max="-4,54,64" /> 
			</area>
			<rules>
				<rule action="enter" team="any" access="deny">You cannot enter the spectator spawn.</rule>
				<rule action="build" team= "any" access="deny">You cannot build in the spectator spawn.</rule>
				<rule action="destroy" team= "any" access="deny">You cannot destroy the spectator spawn.</rule>
			</rules>
			<noexplosion/>
		</region>
		<region name="blue-spawn">
			<area> 
				<cuboid min="51,7,41" max="78,26,77" /> 
			</area>
			<rules>
				<rule action="enter" team="yellow" access="deny">You cannot enter Sapphire teams spawn.</rule>
				<rule action="enter" team="red" access="deny">You cannot enter Sapphire teams spawn.</rule>
				<rule action="enter" team="green" access="deny">You cannot enter Sapphire teams spawn.</rule>
			</rules>
			<noexplosion/>
		</region>
		<region name="yellow-spawn">
			<area> 
				<cuboid min="-28,5,122" max="4,27,150" /> 
			</area>
			<rules>
				<rule action="enter" team="blue" access="deny">You cannot enter Gold teams spawn.</rule>
				<rule action="enter" team="red" access="deny">You cannot enter Gold teams spawn.</rule>
				<rule action="enter" team="green" access="deny">You cannot enter Gold teams spawn.</rule>
			</rules>
			<noexplosion/>
		</region>
		<region name="red-spawn">
			<area> 
				<cuboid min="-101,8,43" max="-76,25,74" /> 
			</area>
			<rules>
				<rule action="enter" team="blue" access="deny">You cannot enter Ruby teams spawn.</rule>
				<rule action="enter" team="yellow" access="deny">You cannot enter Ruby teams spawn.</rule>
				<rule action="enter" team="green" access="deny">You cannot enter Ruby teams spawn.</rule>
			</rules>
			<noexplosion/>
		</region>
		<region name="green-spawn">
			<area> 
				<cuboid min="-29,7,-34" max="4,23,-6" /> 
			</area>
			<rules>
				<rule action="enter" team="blue" access="deny">You cannot enter Emerald teams spawn.</rule>
				<rule action="enter" team="yellow" access="deny">You cannot enter Emerald teams spawn.</rule>
				<rule action="enter" team="red" access="deny">You cannot enter Emerald teams spawn.</rule>
			</rules>
			<noexplosion/>
		</region>
	</regions>
	<kits>
		<kit name="spawn">
			<item slot="0">stone sword</item>
			<item slot="1">bow</item>
			<item slot="10" amount="64">arrow</item>
			<item slot="2" amount="16">bread</item>
			<item slot="3" amount="3">golden apple</item>      
			<potion duration="10" amplifier="10">damage resistance</potion>
			<potion duration="600" amplifier="1">speed</potion>
		</kit>
		<kit name="red" parents="spawn">
			<chestplate damage="-3000">chainmail chestplate</chestplate>
			<helmet color="cd0000" damage="-3000">leather helmet</helmet>
			<leggings damage="-3000">iron leggings</leggings>
			<boots color="cd0000" damage="-3000">leather boots</boots>
		</kit>
		<kit name="blue" parents="spawn">
			<chestplate damage="-3000">chainmail chestplate</chestplate>
			<helmet color="0066cc" damage="-3000">leather helmet</helmet>
			<leggings damage="-3000">iron leggings</leggings>
			<boots color="0066cc" damage="-3000">leather boots</boots>
		</kit>
		<kit name="green" parents="spawn">
			<chestplate damage="-3000">chainmail chestplate</chestplate>
			<helmet color="0CFF0C" damage="-3000">leather helmet</helmet>
			<leggings damage="-3000">iron leggings</leggings>
			<boots color="0CFF0C" damage="-3000">leather boots</boots>
		</kit>
		<kit name="yellow" parents="spawn">
			<chestplate damage="-3000">chainmail chestplate</chestplate>
			<helmet color="F2FF00" damage="-3000">leather helmet</helmet>
			<leggings damage="-3000">iron leggings</leggings>
			<boots color="F2FF00" damage="-3000">leather boots</boots>
		</kit>
	</kits>
	<spawns>
		<spawn team="blue" kit="blue" yaw="90">
			<cylinder base="71,19,58" radius="1" height="3" />
		</spawn>
		<spawn team="yellow" kit="yellow" yaw="180">
			<cylinder base="-12,19,141" radius="1" height="3" />
		</spawn>
		<spawn team="red" kit="red" yaw="-90">
			<cylinder base="-95,19,58" radius="1" height="3" />
		</spawn>
		<spawn team="green" kit="green" yaw="0">
			<cylinder base="-12,19,-25" radius="1" height="3" />
		</spawn>
		<default yaw="0">
			<cylinder base="-11,50,59" radius="1" height="3" />
		</default>
	</spawns>
	<score>
		<time>420</time>
	</score>
	<toolrepair>
		<tool>stone sword</tool>
		<tool>bow</tool>
	</toolrepair>
	<itemremove>
		<item>leather helmet</item>
		<item>chainmail chestplate</item>
		<item>iron leggings</item>
		<item>leather boots</item>
		<item>bread</item>
	</itemremove>
</map>